book_ref,ticket_no
xl4cmp,6592209567031
54tq8I,8999726685513
gQeHfp,8256409036381
xI1Hfw,0281736151972
8VTAbe,1740956264291
PmZcWj,8781097986876
PmZcWj,0666047273552
PmZcWj,0316515028372
pQzhw0,6761332120744
54tq8I,0904682481581
2iPSgD,8677610723026
ggWJTh,7221359181590
N9sa73,0039335275811
g2wHsq,6768008893086
54tq8I,4555019464966
qaVfRD,6354021910530
yf3J4p,4147487586044
9fZ2W5,8514548855636
wLJHik,2515913517272
Fk9MJe,5781757529743
xl4cmp,9937191114063
8Pn6aR,2870655640716
gQeHfp,4321883705629
xI1Hfw,7093494345864
8VTAbe,7229603630984
pQzhw0,8151044579246
C53jy5,3794943476074
PmZcWj,3358267523806
U7uUQI,4155143595016
58wIgu,2812402005331